{
    "fname": "Matt",
    "lname": "Miller",
    "O1avg": -0.10357549122101016,
    "O2avg": -0.11057472177849835,
    "T3avg": -0.09150130588482638,
    "T4avg": -0.11035128434284433
}