{
    "name": "bob",
    "O1avg": 0.38095238095238104,
    "O2avg": 0.2030109525058384,
    "T3avg": 0.06894766707197865,
    "T4avg": 0.2892742735889865
}