{
    "name": "person1",
    "O1avg": 0.38095238095238104,
    "O2avg": 0.15828160439962172,
    "T3avg": 0.0648895882507212,
    "T4avg": 0.23744780160830514
}